{
  "task": "B",
  "actions": [
    "inspect_signal",
    "place_left",
    "place_right",
    "stop"
  ],
  "states": {
    "0|5,5": [
      0.665785119770725,
      0.43820252848979857,
      -0.12648195881477342,
      -2.999999999999999
    ],
    "1|3,7": [
      0.0,
      0.0,
      -3.524404583322231,
      0.0
    ],
    "1|8,2": [
      0.0,
      3.0083055492853914,
      0.0,
      0.0
    ]
  }
}