{
  "task": "A",
  "actions": [
    "inspect_obj1",
    "inspect_obj2",
    "inspect_obj3",
    "pick_place_obj1",
    "pick_place_obj2",
    "pick_place_obj3",
    "stop"
  ],
  "states": {
    "0|4,3,3": [
      0.2529258556424546,
      0.26233091726644875,
      1.6430455609968344,
      0.7912134144650425,
      -1.5313953055857104,
      -1.938381197540008,
      -2.999999999997719
    ],
    "1|2,2,6": [
      5.309934630698901,
      1.3456455666500249,
      0.3093762160308421,
      -0.4619283676147461,
      -5.563064515590668,
      -0.31518008874263614,
      -2.2880859375
    ],
    "2|0,2,8": [
      0.0,
      0.0,
      0.0,
      0.0,
      0.0,
      8.664566338308452,
      0.0
    ],
    "1|1,5,4": [
      -0.20295048488930456,
      3.3881519247839824,
      1.3289098691343884,
      -7.9548983190907165,
      -1.0949604673223803,
      -2.6927303057163954,
      -2.9465461559593678
    ],
    "2|0,5,5": [
      -0.25,
      -0.25,
      -0.259375,
      -2.0,
      -1.5662351083010435,
      -2.0,
      -0.75
    ],
    "3|0,5,5": [
      0.0,
      0.0,
      0.0,
      0.0,
      2.5,
      0.0,
      0.0
    ],
    "1|2,6,2": [
      1.3712061245273444,
      3.44617749203842,
      0.777784397862999,
      -5.3006591796875,
      1.7318248330592834,
      -6.861215591430664,
      -2.990486364183198
    ],
    "2|5,4,1": [
      -0.25,
      2.1797829882336117,
      -0.4375,
      -0.6540823089017067,
      -3.5,
      -6.1015625,
      -2.2880859375
    ],
    "1|5,4,1": [
      0.6612495780669461,
      1.2841463742214803,
      -0.16355200275785903,
      -0.3134436946127792,
      -2.09375,
      -7.857456415891647,
      -2.2880859375
    ],
    "2|8,2,0": [
      0.0,
      0.0,
      0.0,
      2.9510203794984164,
      0.0,
      0.0,
      0.0
    ],
    "2|1,5,4": [
      -0.25,
      -0.25,
      2.665494846663891,
      0.0,
      -4.625,
      0.0,
      0.0
    ],
    "1|6,2,2": [
      -0.33729574805664875,
      -0.3913966491807132,
      2.444543450880344,
      -1.1289000219241716,
      -3.162118911743164,
      -2.13330078125,
      -2.8732945919036865
    ],
    "2|9,1,0": [
      0.0,
      0.0,
      0.0,
      3.197265625,
      0.0,
      0.0,
      0.0
    ],
    "1|5,1,4": [
      0.3282263170039843,
      0.5005259666692191,
      0.6758985836956491,
      -0.6165752360580015,
      -7.921072058408754,
      0.1390424221754074,
      -2.987315152244264
    ],
    "2|2,2,6": [
      0.17080701012552135,
      0.4107947188813761,
      0.1598265538267446,
      -5.03369140625,
      -1.2454681396484375,
      -0.7712700047158019,
      -2.7747459411621094
    ],
    "3|5,1,4": [
      0.0,
      0.0,
      0.0,
      -2.065167002278911,
      0.0,
      0.0,
      0.0
    ],
    "2|0,8,2": [
      0.0,
      0.0,
      0.0,
      0.0,
      1.5771872884362208,
      0.0,
      0.0
    ],
    "2|1,9,0": [
      0.0,
      0.0,
      0.0,
      0.0,
      9.857422283439629,
      0.0,
      0.0
    ],
    "2|8,0,2": [
      0.0,
      0.0,
      0.0,
      -5.019139103261163,
      0.0,
      0.0,
      0.0
    ],
    "2|5,0,5": [
      0.20195785781907016,
      -0.349609375,
      -0.012500000000000011,
      0.3863012734800577,
      -5.46875,
      4.7128377831541,
      -2.05078125
    ],
    "3|8,0,2": [
      0.0,
      0.0,
      0.0,
      4.7088470458984375,
      0.0,
      0.0,
      0.0
    ],
    "2|1,0,9": [
      0.0,
      0.0,
      0.0,
      0.0,
      0.0,
      5.246109367784811,
      0.0
    ],
    "3|1,5,4": [
      0.0,
      0.0,
      0.0,
      0.0,
      -0.4959836107611961,
      0.0,
      0.0
    ],
    "2|7,2,1": [
      2.6421468190357813,
      0.1215927124023437,
      0.3355508725152674,
      -2.1187801491088165,
      -4.625,
      -6.1015625,
      -2.2880859375
    ],
    "2|5,1,4": [
      -0.25,
      -0.6385173071669918,
      3.548064951192058,
      -2.0,
      0.0,
      -0.125,
      -2.05078125
    ],
    "3|1,0,9": [
      0.0,
      0.0,
      0.0,
      0.0,
      0.0,
      6.622459409880536,
      0.0
    ],
    "2|2,8,0": [
      0.0,
      0.0,
      0.0,
      0.0,
      4.537645184117814,
      0.0,
      0.0
    ],
    "3|4,3,3": [
      0.0,
      0.0,
      0.0,
      -6.898505663464236,
      0.0,
      0.0,
      0.0
    ],
    "2|5,5,0": [
      -0.25,
      0.7890625,
      -0.25,
      -0.125,
      0.0,
      0.0,
      0.0
    ],
    "3|2,8,0": [
      0.0,
      0.0,
      0.0,
      0.0,
      0.6914170218705475,
      0.0,
      0.0
    ],
    "3|5,4,1": [
      0.0,
      0.0,
      0.0,
      -3.42364501953125,
      0.0,
      0.0,
      0.0
    ],
    "2|4,3,3": [
      -0.19145381615900814,
      0.07061248498481082,
      0.6324615478515624,
      -4.360912919044495,
      -2.35577392578125,
      -1.785081386566162,
      -1.3125
    ],
    "2|2,7,1": [
      -0.25,
      -0.25,
      1.9160247527381755,
      -2.0,
      -0.248046875,
      -4.625,
      -1.3125
    ],
    "3|0,8,2": [
      0.0,
      0.0,
      0.0,
      0.0,
      1.0,
      0.0,
      0.0
    ],
    "2|2,0,8": [
      0.0,
      0.0,
      0.0,
      0.0,
      0.0,
      2.760072101105697,
      0.0
    ],
    "3|8,2,0": [
      0.0,
      0.0,
      0.0,
      3.1813636523914113,
      0.0,
      0.0,
      0.0
    ],
    "3|2,6,2": [
      0.0,
      0.0,
      0.0,
      0.0,
      4.993405538718434,
      0.0,
      0.0
    ],
    "3|9,1,0": [
      0.0,
      0.0,
      0.0,
      5.556246223802837,
      0.0,
      0.0,
      0.0
    ],
    "3|0,2,8": [
      0.0,
      0.0,
      0.0,
      0.0,
      0.0,
      6.501167744135273,
      0.0
    ],
    "3|2,0,8": [
      0.0,
      0.0,
      0.0,
      0.0,
      0.0,
      8.689975353162579,
      0.0
    ],
    "3|5,0,5": [
      0.0,
      0.0,
      0.0,
      -2.7562255859375,
      0.0,
      0.0,
      0.0
    ],
    "3|2,2,6": [
      0.0,
      0.0,
      0.0,
      0.0,
      0.0,
      5.095703125,
      0.0
    ],
    "3|5,5,0": [
      0.0,
      0.0,
      0.0,
      -4.625,
      0.0,
      0.0,
      0.0
    ],
    "3|1,9,0": [
      0.0,
      0.0,
      0.0,
      0.0,
      2.5,
      0.0,
      0.0
    ],
    "3|6,2,2": [
      0.0,
      0.0,
      0.0,
      -1.4263233791857033,
      0.0,
      0.0,
      0.0
    ],
    "3|2,7,1": [
      0.0,
      0.0,
      0.0,
      0.0,
      5.74703633174795,
      0.0,
      0.0
    ],
    "3|7,2,1": [
      0.0,
      0.0,
      0.0,
      3.9360660267679397,
      0.0,
      0.0,
      0.0
    ]
  }
}